Size,ScheduleNet,CP-SAT,MOR,SPT,FIFO
30 x 20,2295.5,1986.11,2372.68,2564.17,2535.68
50 x 20,3238.04,3124.29,3366.13,3675.06,3546.17
100 x 20,5790.314286,5897.285714,5921.057143,6342.4,6113.542857
